latitude,longitude,bright_ti4,scan,track,acq_date,acq_time,satellite,instrument,confidence,version,bright_ti5,frp,daynight
27.5995,95.3554,328.24,0.52,0.5,2026-09-11,627,N,VIIRS,l,2.0NRT,299.28,11.23,D
27.59978,95.35804,330.38,0.52,0.5,2026-09-11,627,N,VIIRS,l,2.0NRT,300.42,8.12,D
27.76703,96.05153,329.29,0.47,0.48,2026-09-11,627,N,VIIRS,n,2.0NRT,294.37,2.21,D
27.92588,96.77444,327.85,0.42,0.45,2026-09-11,627,N,VIIRS,n,2.0NRT,294.95,2.76,D
27.93463,96.77489,334.01,0.42,0.45,2026-09-11,627,N,VIIRS,n,2.0NRT,294.45,4.73,D
27.95016,95.23589,330.52,0.52,0.5,2026-09-11,627,N,VIIRS,n,2.0NRT,294.75,2.44,D
6.23098,80.86099,340.28,0.42,0.38,2026-09-11,801,N,VIIRS,l,2.0NRT,302.41,5.67,D
6.23561,80.868,335.93,0.42,0.38,2026-09-11,801,N,VIIRS,l,2.0NRT,302.32,6.16,D
6.23848,80.86372,330.2,0.42,0.38,2026-09-11,801,N,VIIRS,l,2.0NRT,301.89,3.23,D
6.32772,80.99232,367.0,0.41,0.37,2026-09-11,801,N,VIIRS,h,2.0NRT,306.14,9.46,D
6.3591,80.94524,334.14,0.42,0.37,2026-09-11,801,N,VIIRS,l,2.0NRT,303.23,4.04,D
6.43032,81.0219,342.04,0.41,0.37,2026-09-11,801,N,VIIRS,n,2.0NRT,304.06,5.1,D
6.45361,80.75334,331.56,0.42,0.38,2026-09-11,801,N,VIIRS,l,2.0NRT,300.6,4.69,D
6.55016,80.87274,335.09,0.42,0.37,2026-09-11,801,N,VIIRS,l,2.0NRT,302.82,6.59,D
6.87345,81.516,332.62,0.4,0.37,2026-09-11,801,N,VIIRS,l,2.0NRT,306.82,3.28,D
6.89327,81.66647,343.25,0.39,0.37,2026-09-11,801,N,VIIRS,l,2.0NRT,311.38,9.06,D
6.89663,81.66595,341.98,0.39,0.37,2026-09-11,801,N,VIIRS,l,2.0NRT,311.66,10.02,D
6.97968,81.59059,334.92,0.4,0.37,2026-09-11,801,N,VIIRS,l,2.0NRT,306.98,4.62,D
7.00834,81.58915,345.32,0.4,0.37,2026-09-11,801,N,VIIRS,n,2.0NRT,306.58,8.77,D
7.04885,81.36258,331.59,0.4,0.37,2026-09-11,801,N,VIIRS,l,2.0NRT,303.0,2.5,D
7.28462,81.12443,335.24,0.4,0.37,2026-09-11,801,N,VIIRS,l,2.0NRT,306.9,5.72,D
7.28845,81.79851,340.97,0.39,0.36,2026-09-11,801,N,VIIRS,n,2.0NRT,305.46,3.59,D
7.29179,81.79798,348.4,0.39,0.36,2026-09-11,801,N,VIIRS,n,2.0NRT,305.89,3.59,D
7.29222,80.90644,350.96,0.41,0.37,2026-09-11,801,N,VIIRS,n,2.0NRT,305.47,9.69,D
7.35999,80.85026,331.7,0.41,0.37,2026-09-11,801,N,VIIRS,n,2.0NRT,299.18,2.58,D
7.39979,81.1692,341.17,0.4,0.37,2026-09-11,801,N,VIIRS,n,2.0NRT,307.69,5.2,D
7.43177,81.0183,340.51,0.41,0.37,2026-09-11,801,N,VIIRS,n,2.0NRT,306.89,4.46,D
7.4521,81.65658,334.81,0.39,0.36,2026-09-11,801,N,VIIRS,l,2.0NRT,304.7,2.95,D
7.45285,81.26469,332.56,0.4,0.37,2026-09-11,801,N,VIIRS,l,2.0NRT,305.13,1.51,D
7.46692,81.26621,334.62,0.4,0.37,2026-09-11,801,N,VIIRS,l,2.0NRT,306.36,1.97,D
7.49562,81.22058,338.41,0.4,0.37,2026-09-11,801,N,VIIRS,l,2.0NRT,307.55,4.67,D
7.499,81.22006,341.23,0.4,0.37,2026-09-11,801,N,VIIRS,n,2.0NRT,307.27,4.67,D
7.50022,81.00719,340.39,0.41,0.37,2026-09-11,801,N,VIIRS,n,2.0NRT,309.37,13.75,D
7.51028,81.56757,336.06,0.39,0.36,2026-09-11,801,N,VIIRS,l,2.0NRT,303.96,3.6,D
7.56389,80.63634,332.02,0.42,0.37,2026-09-11,801,N,VIIRS,n,2.0NRT,297.18,2.95,D
7.60552,80.9675,347.95,0.41,0.37,2026-09-11,801,N,VIIRS,l,2.0NRT,306.08,10.24,D
7.61301,81.01514,333.74,0.4,0.37,2026-09-11,801,N,VIIRS,l,2.0NRT,302.04,2.33,D
7.61714,80.84123,330.79,0.41,0.37,2026-09-11,801,N,VIIRS,l,2.0NRT,304.92,4.5,D
7.71343,80.83015,352.48,0.41,0.37,2026-09-11,801,N,VIIRS,n,2.0NRT,308.16,12.23,D
7.79306,81.22885,347.93,0.4,0.37,2026-09-11,801,N,VIIRS,n,2.0NRT,308.0,14.16,D
7.82195,81.20905,330.55,0.4,0.37,2026-09-11,801,N,VIIRS,l,2.0NRT,303.08,2.83,D
7.82437,80.31818,330.57,0.42,0.38,2026-09-11,801,N,VIIRS,n,2.0NRT,298.54,2.96,D
7.8662,80.01651,350.23,0.44,0.38,2026-09-11,801,N,VIIRS,l,2.0NRT,303.58,10.98,D
7.89431,80.01201,356.38,0.44,0.38,2026-09-11,801,N,VIIRS,l,2.0NRT,305.56,24.01,D
7.9255,81.19964,349.98,0.4,0.37,2026-09-11,801,N,VIIRS,l,2.0NRT,308.62,11.34,D
7.92887,81.1991,352.39,0.4,0.37,2026-09-11,801,N,VIIRS,l,2.0NRT,305.79,11.34,D
7.93462,80.06189,340.51,0.43,0.38,2026-09-11,801,N,VIIRS,n,2.0NRT,302.41,3.76,D
7.95252,80.10713,333.12,0.43,0.38,2026-09-11,801,N,VIIRS,l,2.0NRT,304.43,3.17,D
7.95602,80.10657,333.06,0.43,0.38,2026-09-11,801,N,VIIRS,l,2.0NRT,302.4,3.17,D
7.95865,81.19073,340.02,0.4,0.37,2026-09-11,801,N,VIIRS,l,2.0NRT,307.92,5.49,D
7.96736,80.03738,330.39,0.43,0.38,2026-09-11,801,N,VIIRS,l,2.0NRT,304.68,4.65,D
7.9696,80.02896,332.52,0.43,0.38,2026-09-11,801,N,VIIRS,l,2.0NRT,306.69,5.96,D
7.99013,81.21532,330.13,0.4,0.37,2026-09-11,801,N,VIIRS,l,2.0NRT,303.31,1.86,D
8.02441,81.07615,334.31,0.4,0.37,2026-09-11,801,N,VIIRS,n,2.0NRT,303.35,1.4,D
8.02976,80.57709,332.33,0.41,0.37,2026-09-11,801,N,VIIRS,l,2.0NRT,299.18,3.02,D
8.13688,79.99423,334.1,0.43,0.38,2026-09-11,801,N,VIIRS,l,2.0NRT,300.19,4.03,D
8.1375,79.99817,333.52,0.43,0.38,2026-09-11,801,N,VIIRS,l,2.0NRT,300.43,4.32,D
8.14856,81.34052,350.57,0.39,0.37,2026-09-11,801,N,VIIRS,n,2.0NRT,309.71,14.37,D
8.15112,80.08427,339.28,0.43,0.38,2026-09-11,801,N,VIIRS,l,2.0NRT,303.94,11.03,D
8.20834,79.98703,330.92,0.43,0.38,2026-09-11,801,N,VIIRS,l,2.0NRT,303.86,6.63,D
8.22219,81.02239,333.5,0.4,0.37,2026-09-11,801,N,VIIRS,l,2.0NRT,305.01,8.9,D
8.23207,80.26948,335.58,0.42,0.38,2026-09-11,801,N,VIIRS,n,2.0NRT,302.72,2.64,D
8.29306,80.13734,335.15,0.43,0.38,2026-09-11,801,N,VIIRS,l,2.0NRT,304.39,6.55,D
8.29397,80.13721,338.34,0.43,0.38,2026-09-11,801,N,VIIRS,l,2.0NRT,304.61,6.68,D
8.29414,80.21237,340.62,0.42,0.38,2026-09-11,801,N,VIIRS,n,2.0NRT,305.1,5.4,D
8.29746,80.13666,337.35,0.43,0.38,2026-09-11,801,N,VIIRS,l,2.0NRT,305.64,7.6,D
8.29808,80.14052,334.76,0.43,0.38,2026-09-11,801,N,VIIRS,l,2.0NRT,302.53,8.29,D
8.30266,77.63816,339.74,0.57,0.43,2026-09-11,801,N,VIIRS,n,2.0NRT,306.69,6.52,D
8.30716,80.17469,336.3,0.43,0.38,2026-09-11,801,N,VIIRS,l,2.0NRT,303.52,5.12,D
8.31788,80.3184,340.09,0.42,0.38,2026-09-11,801,N,VIIRS,n,2.0NRT,305.3,4.56,D
8.31956,80.318,337.92,0.42,0.38,2026-09-11,801,N,VIIRS,n,2.0NRT,304.3,4.19,D
8.33641,80.40082,348.73,0.42,0.37,2026-09-11,801,N,VIIRS,n,2.0NRT,306.09,15.22,D
8.34312,80.37651,331.32,0.42,0.38,2026-09-11,801,N,VIIRS,l,2.0NRT,302.2,2.73,D
8.36264,80.8055,343.18,0.41,0.37,2026-09-11,801,N,VIIRS,n,2.0NRT,302.36,8.12,D
8.37158,80.75124,339.8,0.41,0.37,2026-09-11,801,N,VIIRS,n,2.0NRT,303.14,2.94,D
8.37283,80.80388,334.55,0.41,0.37,2026-09-11,801,N,VIIRS,l,2.0NRT,304.24,5.02,D
8.38194,80.42064,342.58,0.42,0.37,2026-09-11,801,N,VIIRS,n,2.0NRT,305.42,6.01,D
8.3827,80.4476,336.19,0.42,0.37,2026-09-11,801,N,VIIRS,l,2.0NRT,302.4,9.25,D
8.39982,80.53334,343.33,0.41,0.37,2026-09-11,801,N,VIIRS,n,2.0NRT,303.19,5.51,D
8.40384,80.33569,335.28,0.42,0.38,2026-09-11,801,N,VIIRS,n,2.0NRT,300.08,2.95,D
8.42157,80.53754,338.26,0.41,0.37,2026-09-11,801,N,VIIRS,l,2.0NRT,303.11,3.49,D
8.42381,80.52951,340.72,0.41,0.37,2026-09-11,801,N,VIIRS,l,2.0NRT,306.3,7.21,D
8.47301,80.75362,334.21,0.41,0.37,2026-09-11,801,N,VIIRS,l,2.0NRT,305.83,3.54,D
8.47641,80.75307,337.22,0.41,0.37,2026-09-11,801,N,VIIRS,l,2.0NRT,305.28,3.54,D
8.48565,80.52334,331.03,0.41,0.37,2026-09-11,801,N,VIIRS,l,2.0NRT,299.19,2.29,D
8.49105,80.13333,333.92,0.43,0.38,2026-09-11,801,N,VIIRS,l,2.0NRT,302.95,9.01,D
8.49392,80.12891,332.86,0.43,0.38,2026-09-11,801,N,VIIRS,l,2.0NRT,301.85,2.45,D
8.5069,80.7668,334.95,0.41,0.37,2026-09-11,801,N,VIIRS,l,2.0NRT,306.06,4.02,D
8.50874,80.17788,332.71,0.42,0.38,2026-09-11,801,N,VIIRS,l,2.0NRT,307.19,7.63,D
8.51221,80.17732,341.24,0.42,0.38,2026-09-11,801,N,VIIRS,l,2.0NRT,304.78,6.13,D
8.58726,80.3494,333.52,0.42,0.37,2026-09-11,801,N,VIIRS,l,2.0NRT,305.25,4.77,D
8.61787,80.4757,333.68,0.41,0.37,2026-09-11,801,N,VIIRS,l,2.0NRT,305.79,5.99,D
8.61995,78.07992,330.34,0.53,0.42,2026-09-11,801,N,VIIRS,l,2.0NRT,302.72,4.45,D
8.64889,81.00204,334.53,0.4,0.37,2026-09-11,801,N,VIIRS,l,2.0NRT,304.04,5.13,D
8.68756,80.91789,340.72,0.4,0.37,2026-09-11,801,N,VIIRS,l,2.0NRT,303.61,5.86,D
8.71449,80.17688,338.27,0.42,0.38,2026-09-11,801,N,VIIRS,l,2.0NRT,302.39,4.68,D
8.72995,77.52225,334.04,0.57,0.43,2026-09-11,801,N,VIIRS,n,2.0NRT,297.74,3.73,D
8.77848,77.56741,338.43,0.57,0.43,2026-09-11,801,N,VIIRS,n,2.0NRT,300.49,2.92,D
8.92184,77.48255,331.84,0.57,0.43,2026-09-11,801,N,VIIRS,n,2.0NRT,297.5,8.51,D
8.96205,80.7947,332.62,0.4,0.37,2026-09-11,801,N,VIIRS,l,2.0NRT,303.5,8.02,D
8.97476,80.89706,337.02,0.4,0.37,2026-09-11,801,N,VIIRS,n,2.0NRT,300.7,8.49,D
9.38751,80.61357,339.15,0.4,0.37,2026-09-11,801,N,VIIRS,l,2.0NRT,298.09,8.08,D
18.21146,74.44026,330.24,0.42,0.45,2026-09-11,803,N,VIIRS,n,2.0NRT,298.3,5.36,D
18.26146,75.48334,335.52,0.54,0.42,2026-09-11,803,N,VIIRS,n,2.0NRT,300.47,5.57,D
18.69317,73.04006,329.01,0.5,0.49,2026-09-11,803,N,VIIRS,n,2.0NRT,294.1,4.98,D
21.1033,72.63795,337.6,0.48,0.48,2026-09-11,805,N,VIIRS,n,2.0NRT,295.6,5.89,D
21.10511,72.64705,344.32,0.48,0.48,2026-09-11,805,N,VIIRS,n,2.0NRT,297.72,9.15,D
21.1883,81.39214,331.0,0.41,0.37,2026-09-11,805,N,VIIRS,n,2.0NRT,295.11,5.07,D
21.92127,83.3507,340.46,0.5,0.41,2026-09-11,805,N,VIIRS,n,2.0NRT,296.01,9.06,D
23.16489,82.34189,332.83,0.46,0.39,2026-09-11,805,N,VIIRS,n,2.0NRT,292.37,6.1,D
26.77685,90.32755,332.52,0.5,0.66,2026-09-11,805,N,VIIRS,n,2.0NRT,291.5,3.91,D
26.77699,90.32763,331.36,0.5,0.66,2026-09-11,805,N,VIIRS,n,2.0NRT,291.43,2.81,D
25.27196,69.08585,340.6,0.33,0.55,2026-09-11,807,N,VIIRS,n,2.0NRT,302.6,3.64,D
25.71746,68.85942,367.0,0.33,0.55,2026-09-11,807,N,VIIRS,h,2.0NRT,307.76,14.77,D
25.71819,68.86267,331.61,0.33,0.55,2026-09-11,807,N,VIIRS,n,2.0NRT,302.36,11.22,D
25.86803,68.93196,367.0,0.32,0.55,2026-09-11,807,N,VIIRS,h,2.0NRT,305.35,7.12,D
25.86876,68.93517,344.54,0.32,0.55,2026-09-11,807,N,VIIRS,n,2.0NRT,304.8,8.03,D
25.86924,68.93317,367.0,0.32,0.55,2026-09-11,807,N,VIIRS,h,2.0NRT,306.44,7.52,D
26.95863,68.40443,336.38,0.33,0.55,2026-09-11,807,N,VIIRS,l,2.0NRT,308.41,2.82,D
27.63409,68.3868,355.68,0.32,0.55,2026-09-11,807,N,VIIRS,n,2.0NRT,307.0,5.17,D
27.63629,68.39639,343.12,0.32,0.55,2026-09-11,807,N,VIIRS,n,2.0NRT,305.53,2.22,D
27.63903,68.38539,367.0,0.32,0.55,2026-09-11,807,N,VIIRS,h,2.0NRT,305.86,6.07,D
28.05176,69.36261,336.11,0.55,0.51,2026-09-11,807,N,VIIRS,n,2.0NRT,307.66,5.06,D
28.05294,69.36815,344.23,0.55,0.51,2026-09-11,807,N,VIIRS,n,2.0NRT,309.87,5.06,D
29.13163,75.77078,331.51,0.4,0.37,2026-09-11,807,N,VIIRS,l,2.0NRT,305.14,3.84,D
30.48006,73.87495,331.99,0.44,0.38,2026-09-11,807,N,VIIRS,l,2.0NRT,306.6,2.48,D
30.72791,76.34161,333.5,0.39,0.36,2026-09-11,807,N,VIIRS,n,2.0NRT,296.18,1.3,D
30.87024,70.64391,346.0,0.41,0.45,2026-09-11,807,N,VIIRS,n,2.0NRT,306.81,6.05,D
30.87769,75.94084,344.92,0.39,0.36,2026-09-11,807,N,VIIRS,n,2.0NRT,302.48,3.0,D
30.98912,74.20541,336.52,0.42,0.38,2026-09-11,807,N,VIIRS,n,2.0NRT,304.31,3.03,D
31.25864,74.47987,333.68,0.41,0.37,2026-09-11,807,N,VIIRS,n,2.0NRT,301.87,2.36,D
31.45933,74.51919,335.67,0.41,0.37,2026-09-11,807,N,VIIRS,n,2.0NRT,302.05,2.97,D
31.59567,74.82895,333.66,0.4,0.37,2026-09-11,807,N,VIIRS,n,2.0NRT,305.54,2.21,D
31.74919,74.49052,339.55,0.41,0.37,2026-09-11,807,N,VIIRS,n,2.0NRT,304.61,5.09,D
31.78289,75.174,335.78,0.4,0.37,2026-09-11,807,N,VIIRS,n,2.0NRT,300.83,3.43,D
31.86762,75.00837,343.03,0.4,0.37,2026-09-11,807,N,VIIRS,n,2.0NRT,301.46,5.58,D
32.1289,73.31739,336.4,0.44,0.39,2026-09-11,807,N,VIIRS,n,2.0NRT,303.61,2.97,D
34.15523,74.19093,332.36,0.4,0.37,2026-09-11,809,N,VIIRS,n,2.0NRT,300.75,3.76,D
34.15862,74.19041,329.45,0.4,0.37,2026-09-11,809,N,VIIRS,n,2.0NRT,299.49,1.78,D
