event_id,latitude,longitude,observation_time,satellite,instrument,bright_ti4,bright_ti5,frp,confidence,daynight,status,distance_to_industry_km,anomaly_prediction,anomaly_score,is_anomalous,anomaly_risk,proximity_risk,risk_score,risk_level
TH-000001,27.5995,95.3554,2026-09-11 06:27:00,N,VIIRS,328.24,299.28,11.23,l,D,UNCLASSIFIED,,-1,-0.0452798629491357,True,60.752832370988386,0,36.45169942259303,MEDIUM
TH-000002,27.59978,95.35804,2026-09-11 06:27:00,N,VIIRS,330.38,300.42,8.12,l,D,UNCLASSIFIED,,1,0.0722185002201516,False,24.101684613280398,0,14.461010767968238,LOW
TH-000003,27.76703,96.05153,2026-09-11 06:27:00,N,VIIRS,329.29,294.37,2.21,n,D,UNCLASSIFIED,,1,0.0297513944974492,False,37.34840673520877,0,22.40904404112526,LOW
TH-000004,27.92588,96.77444,2026-09-11 06:27:00,N,VIIRS,327.85,294.95,2.76,n,D,UNCLASSIFIED,,1,0.0086573784728807,False,43.92824220922331,0,26.35694532553399,MEDIUM
TH-000005,27.93463,96.77489,2026-09-11 06:27:00,N,VIIRS,334.01,294.45,4.73,n,D,UNCLASSIFIED,,1,0.062613303061337,False,27.0978242259014,0,16.25869453554084,LOW
TH-000006,27.95016,95.23589,2026-09-11 06:27:00,N,VIIRS,330.52,294.75,2.44,n,D,UNCLASSIFIED,,1,0.0565879815835864,False,28.977296771834304,0,17.386378063100583,LOW
TH-000007,6.23098,80.86099,2026-09-11 08:01:00,N,VIIRS,340.28,302.41,5.67,l,D,UNCLASSIFIED,,1,0.133433437352315,False,5.006970054770051,0,3.00418203286203,LOW
TH-000008,6.23561,80.868,2026-09-11 08:01:00,N,VIIRS,335.93,302.32,6.16,l,D,UNCLASSIFIED,,1,0.1354986984956884,False,4.362755196942845,0,2.617653118165707,LOW
TH-000009,6.23848,80.86372,2026-09-11 08:01:00,N,VIIRS,330.2,301.89,3.23,l,D,UNCLASSIFIED,,1,0.1174516561067428,False,9.992151210178193,0,5.995290726106916,LOW
TH-000010,6.32772,80.99232,2026-09-11 08:01:00,N,VIIRS,367.0,306.14,9.46,h,D,UNCLASSIFIED,,-1,-0.0265881301910493,True,54.922338731028596,0,32.953403238617156,MEDIUM
TH-000011,6.3591,80.94524,2026-09-11 08:01:00,N,VIIRS,334.14,303.23,4.04,l,D,UNCLASSIFIED,4.091368785066722,1,0.0476365431904669,False,31.769510061797813,20,27.061706037078686,MEDIUM
TH-000012,6.43032,81.0219,2026-09-11 08:01:00,N,VIIRS,342.04,304.06,5.1,n,D,UNCLASSIFIED,,1,0.1311930667692823,False,5.705806626241685,0,3.423483975745011,LOW
TH-000013,6.45361,80.75334,2026-09-11 08:01:00,N,VIIRS,331.56,300.6,4.69,l,D,UNCLASSIFIED,,1,0.1301113060864509,False,6.043239161942709,0,3.625943497165625,LOW
TH-000014,6.55016,80.87274,2026-09-11 08:01:00,N,VIIRS,335.09,302.82,6.59,l,D,UNCLASSIFIED,,1,0.1391808471466011,False,3.214186224318029,0,1.9285117345908172,LOW
TH-000015,6.87345,81.516,2026-09-11 08:01:00,N,VIIRS,332.62,306.82,3.28,l,D,UNCLASSIFIED,,1,0.113750006711748,False,11.146803030541996,0,6.688081818325197,LOW
TH-000016,6.89327,81.66647,2026-09-11 08:01:00,N,VIIRS,343.25,311.38,9.06,l,D,UNCLASSIFIED,,-1,-0.0119439314240438,True,50.354388350056325,0,30.212633010033795,MEDIUM
TH-000017,6.89663,81.66595,2026-09-11 08:01:00,N,VIIRS,341.98,311.66,10.02,l,D,UNCLASSIFIED,,-1,-0.023634085209594,True,54.0008864130738,0,32.40053184784428,MEDIUM
TH-000018,6.97968,81.59059,2026-09-11 08:01:00,N,VIIRS,334.92,306.98,4.62,l,D,UNCLASSIFIED,,1,0.1241294997037277,False,7.909138087490429,0,4.745482852494257,LOW
TH-000019,7.00834,81.58915,2026-09-11 08:01:00,N,VIIRS,345.32,306.58,8.77,n,D,UNCLASSIFIED,,1,0.0875944424023625,False,19.30548223536088,0,11.583289341216528,LOW
TH-000020,7.04885,81.36258,2026-09-11 08:01:00,N,VIIRS,331.59,303.0,2.5,l,D,UNCLASSIFIED,,1,0.1355129146918292,False,4.358320752996101,0,2.6149924517976606,LOW
TH-000021,7.28462,81.12443,2026-09-11 08:01:00,N,VIIRS,335.24,306.9,5.72,l,D,UNCLASSIFIED,,1,0.1238079169110062,False,8.009449088720213,0,4.805669453232128,LOW
TH-000022,7.28845,81.79851,2026-09-11 08:01:00,N,VIIRS,340.97,305.46,3.59,n,D,UNCLASSIFIED,,1,0.133831316057307,False,4.882860145380954,0,2.9297160872285724,LOW
TH-000023,7.29179,81.79798,2026-09-11 08:01:00,N,VIIRS,348.4,305.89,3.59,n,D,UNCLASSIFIED,,1,0.0543728241830888,False,29.668268620312265,0,17.800961172187357,LOW
TH-000024,7.29222,80.90644,2026-09-11 08:01:00,N,VIIRS,350.96,305.47,9.69,n,D,UNCLASSIFIED,,1,0.0593324137542806,False,28.121228769812873,0,16.872737261887725,LOW
TH-000025,7.35999,80.85026,2026-09-11 08:01:00,N,VIIRS,331.7,299.18,2.58,n,D,UNCLASSIFIED,,1,0.1078928111548478,False,12.973832224918489,0,7.784299334951093,LOW
TH-000026,7.39979,81.1692,2026-09-11 08:01:00,N,VIIRS,341.17,307.69,5.2,n,D,UNCLASSIFIED,,1,0.1071329786381914,False,13.210846027391307,0,7.926507616434784,LOW
TH-000027,7.43177,81.0183,2026-09-11 08:01:00,N,VIIRS,340.51,306.89,4.46,n,D,UNCLASSIFIED,,1,0.1235931042536386,False,8.076455387642543,0,4.845873232585526,LOW
TH-000028,7.4521,81.65658,2026-09-11 08:01:00,N,VIIRS,334.81,304.7,2.95,l,D,UNCLASSIFIED,,1,0.1443562925205592,False,1.5998146875878319,0,0.9598888125526991,LOW
TH-000029,7.45285,81.26469,2026-09-11 08:01:00,N,VIIRS,332.56,305.13,1.51,l,D,UNCLASSIFIED,,1,0.085002786304471,False,20.113894948686358,0,12.068336969211815,LOW
TH-000030,7.46692,81.26621,2026-09-11 08:01:00,N,VIIRS,334.62,306.36,1.97,l,D,UNCLASSIFIED,,1,0.098469033527608,False,15.913381823189237,0,9.548029093913541,LOW
TH-000031,7.49562,81.22058,2026-09-11 08:01:00,N,VIIRS,338.41,307.55,4.67,l,D,UNCLASSIFIED,,1,0.1110044677745433,False,12.003216265142123,0,7.2019297590852736,LOW
TH-000032,7.499,81.22006,2026-09-11 08:01:00,N,VIIRS,341.23,307.27,4.67,n,D,UNCLASSIFIED,,1,0.1138918901723495,False,11.102545463554542,0,6.661527278132724,LOW
TH-000033,7.50022,81.00719,2026-09-11 08:01:00,N,VIIRS,340.39,309.37,13.75,n,D,UNCLASSIFIED,,-1,-0.0232128276832183,True,53.86948397114363,0,32.32169038268618,MEDIUM
TH-000034,7.51028,81.56757,2026-09-11 08:01:00,N,VIIRS,336.06,303.96,3.6,l,D,UNCLASSIFIED,,1,0.1462994587046005,False,0.9936847891953802,0,0.5962108735172281,LOW
TH-000035,7.56389,80.63634,2026-09-11 08:01:00,N,VIIRS,332.02,297.18,2.95,n,D,UNCLASSIFIED,1.0662967517223434,-1,-0.043217247884758,True,60.10944290195498,60,60.065665741172985,HIGH
TH-000036,7.60552,80.9675,2026-09-11 08:01:00,N,VIIRS,347.95,306.08,10.24,l,D,UNCLASSIFIED,,1,0.0638594735158779,False,26.709107513355683,0,16.02546450801341,LOW
TH-000037,7.61301,81.01514,2026-09-11 08:01:00,N,VIIRS,333.74,302.04,2.33,l,D,UNCLASSIFIED,,1,0.1341269760572861,False,4.79063521515222,0,2.8743811290913315,LOW
TH-000038,7.61714,80.84123,2026-09-11 08:01:00,N,VIIRS,330.79,304.92,4.5,l,D,UNCLASSIFIED,,1,0.1225131735610109,False,8.413317096316355,0,5.047990257789813,LOW
TH-000039,7.71343,80.83015,2026-09-11 08:01:00,N,VIIRS,352.48,308.16,12.23,n,D,UNCLASSIFIED,,-1,-0.0038916067852424,True,47.84263472073525,0,28.705580832441147,MEDIUM
TH-000040,7.79306,81.22885,2026-09-11 08:01:00,N,VIIRS,347.93,308.0,14.16,n,D,UNCLASSIFIED,,1,0.0016165188144922,False,46.12449057150122,0,27.674694342900732,MEDIUM
TH-000041,7.82195,81.20905,2026-09-11 08:01:00,N,VIIRS,330.55,303.08,2.83,l,D,UNCLASSIFIED,,1,0.1236227277430344,False,8.06721496200887,0,4.840328977205322,LOW
TH-000042,7.82437,80.31818,2026-09-11 08:01:00,N,VIIRS,330.57,298.54,2.96,n,D,UNCLASSIFIED,4.84713648419625,-1,-0.0390430327203179,True,58.80738411034494,20,43.28443046620696,MEDIUM
TH-000043,7.8662,80.01651,2026-09-11 08:01:00,N,VIIRS,350.23,303.58,10.98,l,D,UNCLASSIFIED,,1,0.0104117363327186,False,43.38100710392933,0,26.028604262357597,MEDIUM
TH-000044,7.89431,80.01201,2026-09-11 08:01:00,N,VIIRS,356.38,305.56,24.01,l,D,UNCLASSIFIED,,-1,-0.1711006963354429,True,100.0,0,60.0,HIGH
TH-000045,7.9255,81.19964,2026-09-11 08:01:00,N,VIIRS,349.98,308.62,11.34,l,D,UNCLASSIFIED,,1,0.0151398352179644,False,41.90617591324688,0,25.143705547948127,MEDIUM
TH-000046,7.92887,81.1991,2026-09-11 08:01:00,N,VIIRS,352.39,305.79,11.34,l,D,UNCLASSIFIED,,1,0.0353904549106315,False,35.589420219622916,0,21.35365213177375,LOW
TH-000047,7.93462,80.06189,2026-09-11 08:01:00,N,VIIRS,340.51,302.41,3.76,n,D,UNCLASSIFIED,,1,0.1284776534877132,False,6.552822794991567,0,3.9316936769949398,LOW
TH-000048,7.95252,80.10713,2026-09-11 08:01:00,N,VIIRS,333.12,304.43,3.17,l,D,UNCLASSIFIED,,1,0.1406793771610455,False,2.746751244822768,0,1.6480507468936607,LOW
TH-000049,7.95602,80.10657,2026-09-11 08:01:00,N,VIIRS,333.06,302.4,3.17,l,D,UNCLASSIFIED,,1,0.1433091335633258,False,1.9264539413795867,0,1.155872364827752,LOW
TH-000050,7.95865,81.19073,2026-09-11 08:01:00,N,VIIRS,340.02,307.92,5.49,l,D,UNCLASSIFIED,,1,0.1025911214469889,False,14.627583031372682,0,8.776549818823609,LOW
TH-000051,7.96736,80.03738,2026-09-11 08:01:00,N,VIIRS,330.39,304.68,4.65,l,D,UNCLASSIFIED,,1,0.1160680731685039,False,10.423730862325147,0,6.2542385173950885,LOW
TH-000052,7.9696,80.02896,2026-09-11 08:01:00,N,VIIRS,332.52,306.69,5.96,l,D,UNCLASSIFIED,,1,0.1157346415008702,False,10.527737871341387,0,6.316642722804832,LOW
TH-000053,7.99013,81.21532,2026-09-11 08:01:00,N,VIIRS,330.13,303.31,1.86,l,D,UNCLASSIFIED,2.7870353300280715,1,0.0903442014999699,False,18.447752610316588,60,35.068651566189956,MEDIUM
TH-000054,8.02441,81.07615,2026-09-11 08:01:00,N,VIIRS,334.31,303.35,1.4,n,D,UNCLASSIFIED,,1,0.0928778263439308,False,17.657441528409677,0,10.594464917045807,LOW
TH-000055,8.02976,80.57709,2026-09-11 08:01:00,N,VIIRS,332.33,299.18,3.02,l,D,UNCLASSIFIED,3.992276299363908,1,0.035746882889574,False,35.47823999405345,20,29.286943996432072,MEDIUM
TH-000056,8.13688,79.99423,2026-09-11 08:01:00,N,VIIRS,334.1,300.19,4.03,l,D,UNCLASSIFIED,,1,0.1325254008192511,False,5.29021298892712,0,3.174127793356272,LOW
TH-000057,8.1375,79.99817,2026-09-11 08:01:00,N,VIIRS,333.52,300.43,4.32,l,D,UNCLASSIFIED,,1,0.1305051372964791,False,5.920391783638859,0,3.552235070183315,LOW
TH-000058,8.14856,81.34052,2026-09-11 08:01:00,N,VIIRS,350.57,309.71,14.37,n,D,UNCLASSIFIED,,-1,-0.0445255445793556,True,60.51753859087562,0,36.31052315452537,MEDIUM
TH-000059,8.15112,80.08427,2026-09-11 08:01:00,N,VIIRS,339.28,303.94,11.03,l,D,UNCLASSIFIED,,1,0.0621765685724771,False,27.234054381371987,0,16.34043262882319,LOW
TH-000060,8.20834,79.98703,2026-09-11 08:01:00,N,VIIRS,330.92,303.86,6.63,l,D,UNCLASSIFIED,,1,0.1097790287910358,False,12.385466230512952,0,7.43127973830777,LOW
TH-000061,8.22219,81.02239,2026-09-11 08:01:00,N,VIIRS,333.5,305.01,8.9,l,D,UNCLASSIFIED,,1,0.1046993293225492,False,13.969971842016799,0,8.381983105210079,LOW
TH-000062,8.23207,80.26948,2026-09-11 08:01:00,N,VIIRS,335.58,302.72,2.64,n,D,UNCLASSIFIED,,1,0.1398062615219966,False,3.0191013391831603,0,1.811460803509896,LOW
TH-000063,8.29306,80.13734,2026-09-11 08:01:00,N,VIIRS,335.15,304.39,6.55,l,D,UNCLASSIFIED,,1,0.1381974233615496,False,3.520944629134579,0,2.1125667774807475,LOW
TH-000064,8.29397,80.13721,2026-09-11 08:01:00,N,VIIRS,338.34,304.61,6.68,l,D,UNCLASSIFIED,,1,0.1344471241158515,False,4.690771749123183,0,2.81446304947391,LOW
TH-000065,8.29414,80.21237,2026-09-11 08:01:00,N,VIIRS,340.62,305.1,5.4,n,D,UNCLASSIFIED,,1,0.1400213215918879,False,2.95201786511797,0,1.7712107190707818,LOW
TH-000066,8.29746,80.13666,2026-09-11 08:01:00,N,VIIRS,337.35,305.64,7.6,l,D,UNCLASSIFIED,,1,0.1222319745105476,False,8.501031236921094,0,5.100618742152656,LOW
TH-000067,8.29808,80.14052,2026-09-11 08:01:00,N,VIIRS,334.76,302.53,8.29,l,D,UNCLASSIFIED,,1,0.1156212932114859,False,10.56309449070401,0,6.337856694422406,LOW
TH-000068,8.30266,77.63816,2026-09-11 08:01:00,N,VIIRS,339.74,306.69,6.52,n,D,UNCLASSIFIED,,1,0.1204631284222105,False,9.052785640945272,0,5.431671384567163,LOW
TH-000069,8.30716,80.17469,2026-09-11 08:01:00,N,VIIRS,336.3,303.52,5.12,l,D,UNCLASSIFIED,,1,0.1489862863862797,False,0.15558529823613726,0,0.09335117894168235,LOW
TH-000070,8.31788,80.3184,2026-09-11 08:01:00,N,VIIRS,340.09,305.3,4.56,n,D,UNCLASSIFIED,,1,0.1398446781467505,False,3.0071180795680537,0,1.804270847740832,LOW
TH-000071,8.31956,80.318,2026-09-11 08:01:00,N,VIIRS,337.92,304.3,4.19,n,D,UNCLASSIFIED,,1,0.1404291865408383,False,2.8247929565664056,0,1.6948757739398432,LOW
TH-000072,8.33641,80.40082,2026-09-11 08:01:00,N,VIIRS,348.73,306.09,15.22,n,D,UNCLASSIFIED,2.036457496570649,-1,-0.0928053540959773,True,75.57741163573031,60,69.34644698143819,HIGH
TH-000073,8.34312,80.37651,2026-09-11 08:01:00,N,VIIRS,331.32,302.2,2.73,l,D,UNCLASSIFIED,2.118143615369139,1,0.0523938788366292,False,30.28555907731225,60,42.171335446387346,MEDIUM
TH-000074,8.36264,80.8055,2026-09-11 08:01:00,N,VIIRS,343.18,302.36,8.12,n,D,UNCLASSIFIED,,1,0.0983457020893693,False,15.95185247626161,0,9.571111485756965,LOW
TH-000075,8.37158,80.75124,2026-09-11 08:01:00,N,VIIRS,339.8,303.14,2.94,n,D,UNCLASSIFIED,,1,0.1261473722375573,False,7.279705111585448,0,4.367823066951269,LOW
TH-000076,8.37283,80.80388,2026-09-11 08:01:00,N,VIIRS,334.55,304.24,5.02,l,D,UNCLASSIFIED,,1,0.1483539151356751,False,0.35284023454739877,0,0.21170414072843927,LOW
TH-000077,8.38194,80.42064,2026-09-11 08:01:00,N,VIIRS,342.58,305.42,6.01,n,D,UNCLASSIFIED,0.6957304070721687,-1,-0.0407031488397494,True,59.32522248312784,100,75.5951334898767,CRITICAL
TH-000078,8.3827,80.4476,2026-09-11 08:01:00,N,VIIRS,336.19,302.4,9.25,l,D,UNCLASSIFIED,1.9597110776261064,1,0.0051027086807594,False,45.03704682800078,60,51.02222809680047,HIGH
TH-000079,8.39982,80.53334,2026-09-11 08:01:00,N,VIIRS,343.33,303.19,5.51,n,D,UNCLASSIFIED,,1,0.114250646123206,False,10.990639076017432,0,6.594383445610459,LOW
TH-000080,8.40384,80.33569,2026-09-11 08:01:00,N,VIIRS,335.28,300.08,2.95,n,D,UNCLASSIFIED,,1,0.1196510493870128,False,9.306096648070413,0,5.583657988842248,LOW
TH-000081,8.42157,80.53754,2026-09-11 08:01:00,N,VIIRS,338.26,303.11,3.49,l,D,UNCLASSIFIED,4.17799474830836,1,0.0288024973521724,False,37.64439527956237,20,30.58663716773742,MEDIUM
TH-000082,8.42381,80.52951,2026-09-11 08:01:00,N,VIIRS,340.72,306.3,7.21,l,D,UNCLASSIFIED,3.333113988801412,1,0.0471332548643968,False,31.926500289627185,20,27.15590017377631,MEDIUM
TH-000083,8.47301,80.75362,2026-09-11 08:01:00,N,VIIRS,334.21,305.83,3.54,l,D,UNCLASSIFIED,,1,0.1388962279402239,False,3.3029672107610666,0,1.9817803264566398,LOW
TH-000084,8.47641,80.75307,2026-09-11 08:01:00,N,VIIRS,337.22,305.28,3.54,l,D,UNCLASSIFIED,,1,0.141279025977678,False,2.5597033848498816,0,1.5358220309099289,LOW
TH-000085,8.48565,80.52334,2026-09-11 08:01:00,N,VIIRS,331.03,299.19,2.29,l,D,UNCLASSIFIED,5.001816392380101,-1,-0.0553361361908043,True,63.8896756982546,20,46.33380541895276,MEDIUM
TH-000086,8.49105,80.13333,2026-09-11 08:01:00,N,VIIRS,333.92,302.95,9.01,l,D,UNCLASSIFIED,,1,0.1111113687791716,False,11.969870740911846,0,7.181922444547108,LOW
TH-000087,8.49392,80.12891,2026-09-11 08:01:00,N,VIIRS,332.86,301.85,2.45,l,D,UNCLASSIFIED,,1,0.135203709094114,False,4.454770948077049,0,2.672862568846229,LOW
TH-000088,8.5069,80.7668,2026-09-11 08:01:00,N,VIIRS,334.95,306.06,4.02,l,D,UNCLASSIFIED,,1,0.1399714774432934,False,2.9675657008981315,0,1.780539420538879,LOW
TH-000089,8.50874,80.17788,2026-09-11 08:01:00,N,VIIRS,332.71,307.19,7.63,l,D,UNCLASSIFIED,,1,0.0795631706984389,False,21.810668843609257,0,13.086401306165554,LOW
TH-000090,8.51221,80.17732,2026-09-11 08:01:00,N,VIIRS,341.24,304.78,6.13,l,D,UNCLASSIFIED,,1,0.1350874697973084,False,4.491029356514075,0,2.694617613908445,LOW
TH-000091,8.58726,80.3494,2026-09-11 08:01:00,N,VIIRS,333.52,305.25,4.77,l,D,UNCLASSIFIED,,1,0.1416495371157363,False,2.444130213440792,0,1.4664781280644752,LOW
TH-000092,8.61787,80.4757,2026-09-11 08:01:00,N,VIIRS,333.68,305.79,5.99,l,D,UNCLASSIFIED,,1,0.1303473049312944,False,5.969624276597072,0,3.581774565958243,LOW
TH-000093,8.61995,78.07992,2026-09-11 08:01:00,N,VIIRS,330.34,302.72,4.45,l,D,UNCLASSIFIED,3.456828317797741,1,0.0457253654362411,False,32.36566184103965,20,27.41939710462379,MEDIUM
TH-000094,8.64889,81.00204,2026-09-11 08:01:00,N,VIIRS,334.53,304.04,5.13,l,D,UNCLASSIFIED,,1,0.1494850707080369,False,0.0,0,0.0,LOW
TH-000095,8.68756,80.91789,2026-09-11 08:01:00,N,VIIRS,340.72,303.61,5.86,l,D,UNCLASSIFIED,,1,0.1369594463159905,False,3.9071055797519563,0,2.344263347851174,LOW
TH-000096,8.71449,80.17688,2026-09-11 08:01:00,N,VIIRS,338.27,302.39,4.68,l,D,UNCLASSIFIED,,1,0.1395240181002751,False,3.1071412494775017,0,1.864284749686501,LOW
TH-000097,8.72995,77.52225,2026-09-11 08:01:00,N,VIIRS,334.04,297.74,3.73,n,D,UNCLASSIFIED,4.359549146613393,-1,-0.016743078102848,True,51.851381408439146,20,39.11082884506349,MEDIUM
TH-000098,8.77848,77.56741,2026-09-11 08:01:00,N,VIIRS,338.43,300.49,2.92,n,D,UNCLASSIFIED,,1,0.104609994446753,False,13.997837981122125,0,8.398702788673274,LOW
TH-000099,8.92184,77.48255,2026-09-11 08:01:00,N,VIIRS,331.84,297.5,8.51,n,D,UNCLASSIFIED,,1,0.0608049592845934,False,27.66189910465244,0,16.597139462791464,LOW
TH-000100,8.96205,80.7947,2026-09-11 08:01:00,N,VIIRS,332.62,303.5,8.02,l,D,UNCLASSIFIED,,1,0.1166392542655439,False,10.24556290985877,0,6.147337745915261,LOW
TH-000101,8.97476,80.89706,2026-09-11 08:01:00,N,VIIRS,337.02,300.7,8.49,n,D,UNCLASSIFIED,,1,0.0945730611987114,False,17.128648603379204,0,10.277189162027522,LOW
TH-000102,9.38751,80.61357,2026-09-11 08:01:00,N,VIIRS,339.15,298.09,8.08,l,D,UNCLASSIFIED,1.3827705412622178,-1,-0.038286386548438,True,58.571364221234504,60,59.1428185327407,HIGH
TH-000103,18.21146,74.44026,2026-09-11 08:03:00,N,VIIRS,330.24,298.3,5.36,n,D,UNCLASSIFIED,,1,0.0836855480409107,False,20.52477977233533,0,12.314867863401197,LOW
TH-000104,18.26146,75.48334,2026-09-11 08:03:00,N,VIIRS,335.52,300.47,5.57,n,D,UNCLASSIFIED,,1,0.1264993378941273,False,7.16991681380295,0,4.30195008828177,LOW
TH-000105,18.69317,73.04006,2026-09-11 08:03:00,N,VIIRS,329.01,294.1,4.98,n,D,UNCLASSIFIED,,1,0.0162451886797451,False,41.56138410543379,0,24.93683046326027,LOW
TH-000106,21.1033,72.63795,2026-09-11 08:05:00,N,VIIRS,337.6,295.6,5.89,n,D,UNCLASSIFIED,0.9446693321840836,-1,-0.0567869927474216,True,64.34223994338547,100,78.60534396603128,CRITICAL
TH-000107,21.10511,72.64705,2026-09-11 08:05:00,N,VIIRS,344.32,297.72,9.15,n,D,UNCLASSIFIED,,1,0.0167505152857415,False,41.40375807897084,0,24.842254847382502,LOW
TH-000108,21.1883,81.39214,2026-09-11 08:05:00,N,VIIRS,331.0,295.11,5.07,n,D,UNCLASSIFIED,0.4527952815605187,-1,-0.0833662099980844,True,72.63306878952633,100,83.5798412737158,CRITICAL
TH-000109,21.92127,83.3507,2026-09-11 08:05:00,N,VIIRS,340.46,296.01,9.06,n,D,UNCLASSIFIED,0.755237949681636,-1,-0.0998725151876408,True,77.78186417797465,100,86.6691185067848,CRITICAL
TH-000110,23.16489,82.34189,2026-09-11 08:05:00,N,VIIRS,332.83,292.37,6.1,n,D,UNCLASSIFIED,,-1,-0.0067435460215035,True,48.73223729497378,0,29.239342376984265,MEDIUM
TH-000111,26.77685,90.32755,2026-09-11 08:05:00,N,VIIRS,332.52,291.5,3.91,n,D,UNCLASSIFIED,,-1,-0.0106638436877554,True,49.955091853492036,0,29.97305511209522,MEDIUM
TH-000112,26.77699,90.32763,2026-09-11 08:05:00,N,VIIRS,331.36,291.43,2.81,n,D,UNCLASSIFIED,,-1,-0.0123334354707652,True,50.475885960606384,0,30.28553157636383,MEDIUM
TH-000113,25.27196,69.08585,2026-09-11 08:07:00,N,VIIRS,340.6,302.6,3.64,n,D,UNCLASSIFIED,,1,0.125749613452022,False,7.403777614617478,0,4.442266568770487,LOW
TH-000114,25.71746,68.85942,2026-09-11 08:07:00,N,VIIRS,367.0,307.76,14.77,h,D,UNCLASSIFIED,,-1,-0.1186057530091552,True,83.62530445115863,0,50.17518267069517,HIGH
TH-000115,25.71819,68.86267,2026-09-11 08:07:00,N,VIIRS,331.61,302.36,11.22,n,D,UNCLASSIFIED,,1,0.048319936998086,False,31.556339709937987,0,18.93380382596279,LOW
TH-000116,25.86803,68.93196,2026-09-11 08:07:00,N,VIIRS,367.0,305.35,7.12,h,D,UNCLASSIFIED,,-1,-0.0278344201770291,True,55.31109272889736,0,33.18665563733841,MEDIUM
TH-000117,25.86876,68.93517,2026-09-11 08:07:00,N,VIIRS,344.54,304.8,8.03,n,D,UNCLASSIFIED,,1,0.1052702346597694,False,13.791889907037207,0,8.275133944222324,LOW
TH-000118,25.86924,68.93317,2026-09-11 08:07:00,N,VIIRS,367.0,306.44,7.52,h,D,UNCLASSIFIED,,-1,-0.0225821854285247,True,53.67276835881014,0,32.20366101528608,MEDIUM
TH-000119,26.95863,68.40443,2026-09-11 08:07:00,N,VIIRS,336.38,308.41,2.82,l,D,UNCLASSIFIED,,1,0.0678396411669428,False,25.467577769920414,0,15.280546661952247,LOW
TH-000120,27.63409,68.3868,2026-09-11 08:07:00,N,VIIRS,355.68,307.0,5.17,n,D,UNCLASSIFIED,,1,0.004453434029618,False,45.239574425257885,0,27.14374465515473,MEDIUM
TH-000121,27.63629,68.39639,2026-09-11 08:07:00,N,VIIRS,343.12,305.53,2.22,n,D,UNCLASSIFIED,,1,0.0761165047887762,False,22.885783918569913,0,13.731470351141947,LOW
TH-000122,27.63903,68.38539,2026-09-11 08:07:00,N,VIIRS,367.0,305.86,6.07,h,D,UNCLASSIFIED,,-1,-0.0256567146779443,True,54.6318032148406,0,32.77908192890436,MEDIUM
TH-000123,28.05176,69.36261,2026-09-11 08:07:00,N,VIIRS,336.11,307.66,5.06,n,D,UNCLASSIFIED,,1,0.1092657036366991,False,12.545587236217823,0,7.527352341730694,LOW
TH-000124,28.05294,69.36815,2026-09-11 08:07:00,N,VIIRS,344.23,309.87,5.06,n,D,UNCLASSIFIED,0.5529917544268849,-1,-0.1093952409802619,True,80.75227857922586,100,88.4513671475355,CRITICAL
TH-000125,29.13163,75.77078,2026-09-11 08:07:00,N,VIIRS,331.51,305.14,3.84,l,D,UNCLASSIFIED,,1,0.1303203238122688,False,5.978040470264816,0,3.5868242821588896,LOW
TH-000126,30.48006,73.87495,2026-09-11 08:07:00,N,VIIRS,331.99,306.6,2.48,l,D,UNCLASSIFIED,,1,0.1026050493426191,False,14.623238516717946,0,8.773943110030768,LOW
TH-000127,30.72791,76.34161,2026-09-11 08:07:00,N,VIIRS,333.5,296.18,1.3,n,D,UNCLASSIFIED,,1,0.0221887303256453,False,39.7074210612497,0,23.824452636749818,LOW
TH-000128,30.87024,70.64391,2026-09-11 08:07:00,N,VIIRS,346.0,306.81,6.05,n,D,UNCLASSIFIED,,1,0.089213352193905,False,18.800497311522097,0,11.280298386913257,LOW
TH-000129,30.87769,75.94084,2026-09-11 08:07:00,N,VIIRS,344.92,302.48,3.0,n,D,UNCLASSIFIED,,1,0.0666005712135956,False,25.854079630178965,0,15.51244777810738,LOW
TH-000130,30.98912,74.20541,2026-09-11 08:07:00,N,VIIRS,336.52,304.31,3.03,n,D,UNCLASSIFIED,,1,0.1422962322571485,False,2.2424072400922963,0,1.3454443440553778,LOW
TH-000131,31.25864,74.47987,2026-09-11 08:07:00,N,VIIRS,333.68,301.87,2.36,n,D,UNCLASSIFIED,,1,0.1341172117404426,False,4.79368098881009,0,2.8762085932860537,LOW
TH-000132,31.45933,74.51919,2026-09-11 08:07:00,N,VIIRS,335.67,302.05,2.97,n,D,UNCLASSIFIED,,1,0.1423236481039184,False,2.233855442230918,0,1.3403132653385506,LOW
TH-000133,31.59567,74.82895,2026-09-11 08:07:00,N,VIIRS,333.66,305.54,2.21,n,D,UNCLASSIFIED,,1,0.1168641686139643,False,10.175405600476441,0,6.105243360285865,LOW
TH-000134,31.74919,74.49052,2026-09-11 08:07:00,N,VIIRS,339.55,304.61,5.09,n,D,UNCLASSIFIED,,1,0.1442883478709905,False,1.6210085946646473,0,0.9726051567987883,LOW
TH-000135,31.78289,75.174,2026-09-11 08:07:00,N,VIIRS,335.78,300.83,3.43,n,D,UNCLASSIFIED,3.717216576310385,1,0.0488835033057945,False,31.38054703114696,20,26.828328218688174,MEDIUM
TH-000136,31.86762,75.00837,2026-09-11 08:07:00,N,VIIRS,343.03,301.46,5.58,n,D,UNCLASSIFIED,4.956846348419992,-1,-0.0933339182245144,True,75.74228611952655,20,53.44537167171593,HIGH
TH-000137,32.1289,73.31739,2026-09-11 08:07:00,N,VIIRS,336.4,303.61,2.97,n,D,UNCLASSIFIED,,1,0.1420897398631056,False,2.306818207537048,0,1.3840909245222286,LOW
TH-000138,34.15523,74.19093,2026-09-11 08:09:00,N,VIIRS,332.36,300.75,3.76,n,D,UNCLASSIFIED,,1,0.1319739719578095,False,5.462219646155548,0,3.2773317876933286,LOW
TH-000139,34.15862,74.19041,2026-09-11 08:09:00,N,VIIRS,329.45,299.49,1.78,n,D,UNCLASSIFIED,,1,0.0495614798052956,False,31.169066494829465,0,18.70143989689768,LOW
